name,team,nationality,gender,specialty
"Jonas ABRAHAMSEN","UNO-X MOBILITY (UXM)","NOR","M",""
"Pascal ACKERMANN","TEAM JAYCO ALULA (JAY)","GER","M",""
"Roger ADRIA OLIVERAS","MOVISTAR TEAM (MOV)","ESP","M",""
"Toon AERTS","LOTTO INTERMARCHÉ (LOI)","BEL","M",""
"Edoardo AFFINI","TEAM VISMA | LEASE A BIKE (TVL)","ITA","M",""
"Mattia AGOSTINACCHIO","EF EDUCATION - EASYPOST (EFE)","ITA","M",""
"Vincenzo ALBANESE","EF EDUCATION - EASYPOST (EFE)","ITA","M",""
"Giovanni ALEOTTI","RED BULL - BORA - HANSGROHE (RBH)","ITA","M",""
"Rui Filipe ALVES OLIVEIRA","UAE TEAM EMIRATES XRG (UAD)","POR","M",""
"Jorge ARCAS","MOVISTAR TEAM (MOV)","ESP","M",""
"Thymen ARENSMAN","INEOS GRENADIERS (IGD)","NED","M",""
"Bruno ARMIRAIL","TEAM VISMA | LEASE A BIKE (TVL)","FRA","M",""
"Nikias ARNDT","BAHRAIN VICTORIOUS (TBV)","GER","M",""
"Igor ARRIETA LIZARRAGA","UAE TEAM EMIRATES XRG (UAD)","ESP","M",""
"Huub ARTZ","LOTTO INTERMARCHÉ (LOI)","NED","M",""
"Kasper ASGREEN","EF EDUCATION - EASYPOST (EFE)","DEN","M",""
"Lewis ASKEY","NSN CYCLING TEAM (NSN)","GBR","M",""
"Andrew AUGUST","INEOS GRENADIERS (IGD)","USA","M",""
"Orluis Alberto AULAR SANABRIA","MOVISTAR TEAM (MOV)","VEN","M",""
"Juan AYUSO PESQUERA","LIDL-TREK (LTK)","ESP","M",""
"Andrea BAGIOLI","LIDL-TREK (LTK)","ITA","M",""
"Davide BALLERINI","XDS ASTANA TEAM (XAT)","ITA","M",""
"Maurice BALLERSTEDT","ALPECIN-PREMIER TECH (APT)","GER","M",""
"Warren BARGUIL","TEAM PICNIC POSTNL (TPP)","FRA","M",""
"Filippo BARONCINI","UAE TEAM EMIRATES XRG (UAD)","ITA","M",""
"Louis BARRE","TEAM VISMA | LEASE A BIKE (TVL)","FRA","M",""
"Jon BARRENETXEA GOLZARRI","MOVISTAR TEAM (MOV)","ESP","M",""
"Cyril BARTHE","GROUPAMA-FDJ UNITED (GFC)","FRA","M",""
"Ayco BASTIAENS","SOUDAL QUICK-STEP (SOQ)","BEL","M",""
"Samuele BATTISTELLA","EF EDUCATION - EASYPOST (EFE)","ITA","M",""
"Alex BAUDIN","EF EDUCATION - EASYPOST (EFE)","FRA","M",""
"Phil BAUHAUS","BAHRAIN VICTORIOUS (TBV)","GER","M",""
"Tobias BAYER","ALPECIN-PREMIER TECH (APT)","AUT","M",""
"Niklas BEHRENS","TEAM VISMA | LEASE A BIKE (TVL)","GER","M",""
"Lennert BELMANS","ALPECIN-PREMIER TECH (APT)","BEL","M",""
"Markel BELOKI FERNANDEZ","EF EDUCATION - EASYPOST (EFE)","ESP","M",""
"George BENNETT","NSN CYCLING TEAM (NSN)","NZL","M",""
"Tiesj BENOOT","DECATHLON CMA CGM TEAM (DCT)","BEL","M",""
"Jenno BERCKMOES","LOTTO INTERMARCHÉ (LOI)","BEL","M",""
"Egan Arley BERNAL GOMEZ","INEOS GRENADIERS (IGD)","COL","M",""
"Julien BERNARD","LIDL-TREK (LTK)","FRA","M",""
"Clément BERTHET","GROUPAMA-FDJ UNITED (GFC)","FRA","M",""
"Alberto BETTIOL","XDS ASTANA TEAM (XAT)","ITA","M",""
"Cedric BEULLENS","LOTTO INTERMARCHÉ (LOI)","BEL","M",""
"Carl-Frederik BÉVORT","UNO-X MOBILITY (UXM)","DEN","M",""
"Frits BIESTERBOS","TEAM PICNIC POSTNL (TPP)","NED","M",""
"Pello BILBAO LOPEZ DE ARMENTIA","BAHRAIN VICTORIOUS (TBV)","ESP","M",""
"Léo BISIAUX","DECATHLON CMA CGM TEAM (DCT)","FRA","M",""
"Stefan BISSEGGER","DECATHLON CMA CGM TEAM (DCT)","SUI","M",""
"Pavel BITTNER","TEAM PICNIC POSTNL (TPP)","CZE","M",""
"Mikkel Norsgaard BJERG","UAE TEAM EMIRATES XRG (UAD)","DEN","M",""
"Peter Joseph BLACKMORE","NSN CYCLING TEAM (NSN)","GBR","M",""
"Erlend BLIKRA","UNO-X MOBILITY (UXM)","NOR","M",""
"Adrien BOICHIS","RED BULL - BORA - HANSGROHE (RBH)","FRA","M",""
"Guillaume BOIVIN","NSN CYCLING TEAM (NSN)","CAN","M",""
"Cees BOL","DECATHLON CMA CGM TEAM (DCT)","NED","M",""
"Alessandro BORGO","BAHRAIN VICTORIOUS (TBV)","ITA","M",""
"Koen BOUWMAN","TEAM JAYCO ALULA (JAY)","NED","M",""
"Lewis BOWER","GROUPAMA-FDJ UNITED (GFC)","NZL","M",""
"Vito BRAET","LOTTO INTERMARCHÉ (LOI)","BEL","M",""
"Clément BRAZ AFONSO","GROUPAMA-FDJ UNITED (GFC)","FRA","M",""
"Matthew BRENNAN","TEAM VISMA | LEASE A BIKE (TVL)","GBR","M",""
"Alberto BRUTTOMESSO","BAHRAIN VICTORIOUS (TBV)","ITA","M",""
"Urianstad Martin BUGGE","UNO-X MOBILITY (UXM)","NOR","M",""
"Santiago BUITRAGO SANCHEZ","BAHRAIN VICTORIOUS (TBV)","COL","M",""
"Francesco BUSATTO","ALPECIN-PREMIER TECH (APT)","ITA","M",""
"Sven Erik BYSTRØM","UNO-X MOBILITY (UXM)","NOR","M",""
"Victor CAMPENAERTS","TEAM VISMA | LEASE A BIKE (TVL)","BEL","M",""
"Carlos CANAL BLANCO","MOVISTAR TEAM (MOV)","ESP","M",""
"Amaury CAPIOT","TEAM JAYCO ALULA (JAY)","BEL","M",""
"Richard CARAPAZ","EF EDUCATION - EASYPOST (EFE)","ECU","M",""
"Damiano CARUSO","BAHRAIN VICTORIOUS (TBV)","ITA","M",""
"Pablo CASTRILLO ZAPATER","MOVISTAR TEAM (MOV)","ESP","M",""
"Mattia CATTANEO","RED BULL - BORA - HANSGROHE (RBH)","ITA","M",""
"Rémi CAVAGNA","GROUPAMA-FDJ UNITED (GFC)","FRA","M",""
"Alexander Jefferson CEPEDA","EF EDUCATION - EASYPOST (EFE)","ECU","M",""
"Jefferson CEPEDA","MOVISTAR TEAM (MOV)","ECU","M",""
"Andrew Oscar CHAMBERLAIN","DECATHLON CMA CGM TEAM (DCT)","AUS","M",""
"Clément CHAMPOUSSIN","XDS ASTANA TEAM (XAT)","FRA","M",""
"Anthon CHARMIG","UNO-X MOBILITY (UXM)","DEN","M",""
"Jan CHRISTEN","UAE TEAM EMIRATES XRG (UAD)","SUI","M",""
"Giulio CICCONE","LIDL-TREK (LTK)","ITA","M",""
"Simon James CLARKE","NSN CYCLING TEAM (NSN)","AUS","M",""
"Filippo CONCA","TEAM JAYCO ALULA (JAY)","ITA","M",""
"Nicola CONCI","XDS ASTANA TEAM (XAT)","ITA","M",""
"Simone CONSONNI","LIDL-TREK (LTK)","ITA","M",""
"Dillon CORKERY","TEAM PICNIC POSTNL (TPP)","IRL","M",""
"Benoit COSNEFROY","UAE TEAM EMIRATES XRG (UAD)","FRA","M",""
"Ewen COSTIOU","GROUPAMA-FDJ UNITED (GFC)","FRA","M",""
"Pier-André CÔTÉ","NSN CYCLING TEAM (NSN)","CAN","M",""
"Alessandro COVI","TEAM JAYCO ALULA (JAY)","ITA","M",""
"Lars CRAPS","LOTTO INTERMARCHÉ (LOI)","BEL","M",""
"Steff CRAS","SOUDAL QUICK-STEP (SOQ)","BEL","M",""
"Alberto DAINESE","SOUDAL QUICK-STEP (SOQ)","ITA","M",""
"Simon DALBY","UNO-X MOBILITY (UXM)","DEN","M",""
"Dries DE BONDT","TEAM JAYCO ALULA (JAY)","BEL","M",""
"Jasper DE BUYST","LOTTO INTERMARCHÉ (LOI)","BEL","M",""
"Timo DE JONG","TEAM PICNIC POSTNL (TPP)","NED","M",""
"Arnaud DE LIE","LOTTO INTERMARCHÉ (LOI)","BEL","M",""
"Sander DE PESTEL","DECATHLON CMA CGM TEAM (DCT)","BEL","M",""
"Laurens DE PLUS","INEOS GRENADIERS (IGD)","BEL","M",""
"Dries DE POOTER","TEAM JAYCO ALULA (JAY)","BEL","M",""
"Davide DE PRETTO","TEAM JAYCO ALULA (JAY)","ITA","M",""
"Steffen DE SCHUYTENEER","LOTTO INTERMARCHÉ (LOI)","BEL","M",""
"Lindsay DE VYLDER","ALPECIN-PREMIER TECH (APT)","BEL","M",""
"Ramses DEBRUYNE","ALPECIN-PREMIER TECH (APT)","BEL","M",""
"Maxime DECOMBLE","GROUPAMA-FDJ UNITED (GFC)","FRA","M",""
"John DEGENKOLB","TEAM PICNIC POSTNL (TPP)","GER","M",""
"Simon DEHAIRS","ALPECIN-PREMIER TECH (APT)","BEL","M",""
"Tibor DEL GROSSO","ALPECIN-PREMIER TECH (APT)","NED","M",""
"Isaac DEL TORO ROMERO","UAE TEAM EMIRATES XRG (UAD)","MEX","M",""
"Nico DENZ","RED BULL - BORA - HANSGROHE (RBH)","GER","M",""
"Stan DEWULF","DECATHLON CMA CGM TEAM (DCT)","BEL","M",""
"Robbe DHONDT","TEAM PICNIC POSTNL (TPP)","BEL","M",""
"Silvan DILLIER","ALPECIN-PREMIER TECH (APT)","SUI","M",""
"Matthew DINHAM","TEAM PICNIC POSTNL (TPP)","AUS","M",""
"Aaron DOCKX","ALPECIN-PREMIER TECH (APT)","BEL","M",""
"Robert DONALDSON","TEAM JAYCO ALULA (JAY)","GBR","M",""
"Tom DONNENWIRTH","GROUPAMA-FDJ UNITED (GFC)","FRA","M",""
"Paul DOUBLE","TEAM JAYCO ALULA (JAY)","GBR","M",""
"Owain DOULL","TEAM VISMA | LEASE A BIKE (TVL)","GBR","M",""
"Jarrad Eriks DRIZNERS","RED BULL - BORA - HANSGROHE (RBH)","AUS","M",""
"Luke DURBRIDGE","TEAM JAYCO ALULA (JAY)","AUS","M",""
"Fredrik DVERSNES","UNO-X MOBILITY (UXM)","NOR","M",""
"Nils EEKHOFF","TEAM PICNIC POSTNL (TPP)","NED","M",""
"Pascal EENKHOORN","SOUDAL QUICK-STEP (SOQ)","NED","M",""
"Itamar EINHORN","NSN CYCLING TEAM (NSN)","ISR","M",""
"Felix ENGELHARDT","TEAM JAYCO ALULA (JAY)","GER","M",""
"Roman ERMAKOV","BAHRAIN VICTORIOUS (TBV)","RUS","M",""
"Žak ERŽEN","BAHRAIN VICTORIOUS (TBV)","SLO","M",""
"Haimar ETXEBERRIA ANSALAS","RED BULL - BORA - HANSGROHE (RBH)","ESP","M",""
"Afonso EULÁLIO","BAHRAIN VICTORIOUS (TBV)","POR","M",""
"Remco EVENEPOEL","RED BULL - BORA - HANSGROHE (RBH)","BEL","M",""
"Alexy FAURE PROST","TEAM PICNIC POSTNL (TPP)","FRA","M",""
"Yevgeniy FEDOROV","XDS ASTANA TEAM (XAT)","KAZ","M",""
"Filippo FIORELLI","TEAM VISMA | LEASE A BIKE (TVL)","ITA","M",""
"Finn Lachlan Fox FISHER-BLACK","RED BULL - BORA - HANSGROHE (RBH)","NZL","M",""
"Sean FLYNN","TEAM PICNIC POSTNL (TPP)","GBR","M",""
"Anders FOLDAGER","TEAM JAYCO ALULA (JAY)","DEN","M",""
"Titouan FONTAINE","GROUPAMA-FDJ UNITED (GFC)","FRA","M",""
"Davide FORMOLO","MOVISTAR TEAM (MOV)","ITA","M",""
"Lorenzo FORTUNATO","XDS ASTANA TEAM (XAT)","ITA","M",""
"Tobias Svendsen FOSS","INEOS GRENADIERS (IGD)","NOR","M",""
"Luke Matthew FOX","LOTTO INTERMARCHÉ (LOI)","AUS","M",""
"Stian FREDHEIM","UNO-X MOBILITY (UXM)","NOR","M",""
"Marco FRIGO","NSN CYCLING TEAM (NSN)","ITA","M",""
"Mattia GAFFURI","TEAM PICNIC POSTNL (TPP)","ITA","M",""
"Felix GALL","DECATHLON CMA CGM TEAM (DCT)","AUT","M",""
"Patrick GAMPER","TEAM JAYCO ALULA (JAY)","AUT","M",""
"Filippo GANNA","INEOS GRENADIERS (IGD)","ITA","M",""
"Ivan GARCIA CORTINA","MOVISTAR TEAM (MOV)","ESP","M",""
"Raul GARCIA PIERNA","MOVISTAR TEAM (MOV)","ESP","M",""
"Gianmarco GAROFOLI","SOUDAL QUICK-STEP (SOQ)","ITA","M",""
"Aaron GATE","XDS ASTANA TEAM (XAT)","NZL","M",""
"David GAUDU","GROUPAMA-FDJ UNITED (GFC)","FRA","M",""
"Pierre GAUTHERAT","DECATHLON CMA CGM TEAM (DCT)","FRA","M",""
"Derek GEE","LIDL-TREK (LTK)","CAN","M",""
"Jonas GEENS","ALPECIN-PREMIER TECH (APT)","BEL","M",""
"Gil GELDERS","SOUDAL QUICK-STEP (SOQ)","BEL","M",""
"Kévin GENIETS","GROUPAMA-FDJ UNITED (GFC)","LUX","M",""
"Tao GEOGHEGAN HART","LIDL-TREK (LTK)","GBR","M",""
"Lorenzo GERMANI","GROUPAMA-FDJ UNITED (GFC)","ITA","M",""
"Amanuel GHEBREIGZABHIER","LIDL-TREK (LTK)","ERI","M",""
"Robbe GHYS","DECATHLON CMA CGM TEAM (DCT)","BEL","M",""
"Joshua GIDDINGS","LOTTO INTERMARCHÉ (LOI)","GBR","M",""
"Brady GILMORE","NSN CYCLING TEAM (NSN)","AUS","M",""
"Biniam GIRMAY","NSN CYCLING TEAM (NSN)","ERI","M",""
"Gal GLIVAR","ALPECIN-PREMIER TECH (APT)","SLO","M",""
"Dorian GODON","INEOS GRENADIERS (IGD)","FRA","M",""
"Michael GOGL","ALPECIN-PREMIER TECH (APT)","AUT","M",""
"Joao Pedro GONÇALVES ALMEIDA","UAE TEAM EMIRATES XRG (UAD)","POR","M",""
"Lev GONOV","XDS ASTANA TEAM (XAT)","RUS","M",""
"Matevž GOVEKAR","BAHRAIN VICTORIOUS (TBV)","SLO","M",""
"Tijmen GRAAT","TEAM VISMA | LEASE A BIKE (TVL)","NED","M",""
"Kamil GRADEK","BAHRAIN VICTORIOUS (TBV)","POL","M",""
"Romain GREGOIRE","GROUPAMA-FDJ UNITED (GFC)","FRA","M",""
"Sébastien GRIGNARD","LOTTO INTERMARCHÉ (LOI)","BEL","M",""
"Matys GRISEL","LOTTO INTERMARCHÉ (LOI)","FRA","M",""
"Felix GROSSSCHARTNER","UAE TEAM EMIRATES XRG (UAD)","AUT","M",""
"Kaden Alexander GROVES","ALPECIN-PREMIER TECH (APT)","AUS","M",""
"Thibaud GRUEL","GROUPAMA-FDJ UNITED (GFC)","FRA","M",""
"Simone GUALDI","LOTTO INTERMARCHÉ (LOI)","ITA","M",""
"Tord GUDMESTAD","DECATHLON CMA CGM TEAM (DCT)","NOR","M",""
"Per Strand HAGENES","TEAM VISMA | LEASE A BIKE (TVL)","NOR","M",""
"Jack HAIG","INEOS GRENADIERS (IGD)","AUS","M",""
"Alexander HAJEK","RED BULL - BORA - HANSGROHE (RBH)","AUT","M",""
"Chris HAMILTON","TEAM PICNIC POSTNL (TPP)","AUS","M",""
"Wade Lucas HAMILTON","INEOS GRENADIERS (IGD)","AUS","M",""
"Øxenberg Peter HANSEN","INEOS GRENADIERS (IGD)","DEN","M",""
"Alan HATHERLY","TEAM JAYCO ALULA (JAY)","RSA","M",""
"Ethan Edward HAYTER","SOUDAL QUICK-STEP (SOQ)","GBR","M",""
"Ben HEALY","EF EDUCATION - EASYPOST (EFE)","IRL","M",""
"Kim Alexander HEIDUK","INEOS GRENADIERS (IGD)","GER","M",""
"Asbjørn HELLEMOSE","TEAM JAYCO ALULA (JAY)","DEN","M",""
"Rune HERREGODTS","UAE TEAM EMIRATES XRG (UAD)","BEL","M",""
"Emil HERZOG","RED BULL - BORA - HANSGROHE (RBH)","GER","M",""
"Michel HEßMANN","MOVISTAR TEAM (MOV)","GER","M",""
"Sergio Andres HIGUITA GARCIA","XDS ASTANA TEAM (XAT)","COL","M",""
"Jai HINDLEY","RED BULL - BORA - HANSGROHE (RBH)","AUS","M",""
"Jan HIRT","NSN CYCLING TEAM (NSN)","CZE","M",""
"Alfred Bruce Noah HOBBS","EF EDUCATION - EASYPOST (EFE)","GBR","M",""
"Markus HOELGAARD","UNO-X MOBILITY (UXM)","NOR","M",""
"Hugo HOFSTETTER","NSN CYCLING TEAM (NSN)","FRA","M",""
"Ådne HOLTER","UNO-X MOBILITY (UXM)","NOR","M",""
"Frølich Mikkel HONORÉ","EF EDUCATION - EASYPOST (EFE)","DEN","M",""
"Daan HOOLE","DECATHLON CMA CGM TEAM (DCT)","NED","M",""
"Hugo HOULE","ALPECIN-PREMIER TECH (APT)","CAN","M",""
"Axel HUENS","GROUPAMA-FDJ UNITED (GFC)","FRA","M",""
"Menno HUISING","TEAM VISMA | LEASE A BIKE (TVL)","NED","M",""
"Jonas Hem HVIDEBERG","UNO-X MOBILITY (UXM)","NOR","M",""
"Storm INGEBRIGTSEN","UNO-X MOBILITY (UXM)","NOR","M",""
"Noa ISIDORE","DECATHLON CMA CGM TEAM (DCT)","FRA","M",""
"Johan JACOBS","GROUPAMA-FDJ UNITED (GFC)","SUI","M",""
"Fabio JAKOBSEN","TEAM PICNIC POSTNL (TPP)","NED","M",""
"Juul Christopher JENSEN","TEAM JAYCO ALULA (JAY)","DEN","M",""
"Tobias Halland JOHANNESSEN","UNO-X MOBILITY (UXM)","NOR","M",""
"Anders Halland JOHANNESSEN","UNO-X MOBILITY (UXM)","NOR","M",""
"Julius JOHANSEN","UAE TEAM EMIRATES XRG (UAD)","DEN","M",""
"Matteo JORGENSON","TEAM VISMA | LEASE A BIKE (TVL)","USA","M",""
"Bob JUNGELS","INEOS GRENADIERS (IGD)","LUX","M",""
"Florian Samuel KAJAMINI","XDS ASTANA TEAM (XAT)","ITA","M",""
"Lennard KÄMNA","LIDL-TREK (LTK)","GER","M",""
"Alexander KAMP","UNO-X MOBILITY (UXM)","DEN","M",""
"Max KANTER","XDS ASTANA TEAM (XAT)","GER","M",""
"Wilco KELDERMAN","TEAM VISMA | LEASE A BIKE (TVL)","NED","M",""
"Joshua KENCH","GROUPAMA-FDJ UNITED (GFC)","NZL","M",""
"Rainer KEPPLINGER","BAHRAIN VICTORIOUS (TBV)","AUT","M",""
"Timo KIELICH","TEAM VISMA | LEASE A BIKE (TVL)","BEL","M",""
"James KNOX","TEAM PICNIC POSTNL (TPP)","GBR","M",""
"Mathieu KOCKELMANN","LOTTO INTERMARCHÉ (LOI)","LUX","M",""
"Bjoern KOERDT","TEAM PICNIC POSTNL (TPP)","GBR","M",""
"Oded KOGUT","NSN CYCLING TEAM (NSN)","ISR","M",""
"Patrick KONRAD","LIDL-TREK (LTK)","AUT","M",""
"Olav KOOIJ","DECATHLON CMA CGM TEAM (DCT)","NED","M",""
"Søren KRAGH ANDERSEN","LIDL-TREK (LTK)","DEN","M",""
"Jelte KRIJNSEN","TEAM JAYCO ALULA (JAY)","NED","M",""
"Andreas KRON","UNO-X MOBILITY (UXM)","DEN","M",""
"Steven KRUIJSWIJK","TEAM VISMA | LEASE A BIKE (TVL)","NED","M",""
"Johannes KULSET","UNO-X MOBILITY (UXM)","NOR","M",""
"Sepp KUSS","TEAM VISMA | LEASE A BIKE (TVL)","USA","M",""
"Anton KUZMIN","XDS ASTANA TEAM (XAT)","KAZ","M",""
"Michal KWIATKOWSKI","INEOS GRENADIERS (IGD)","POL","M",""
"Jordan LABROSSE","DECATHLON CMA CGM TEAM (DCT)","FRA","M",""
"Vegard Stake LAENGEN","UAE TEAM EMIRATES XRG (UAD)","NOR","M",""
"Yves LAMPAERT","SOUDAL QUICK-STEP (SOQ)","BEL","M",""
"Luke LAMPERTI","EF EDUCATION - EASYPOST (EFE)","USA","M",""
"Mikel LANDA MEANA","SOUDAL QUICK-STEP (SOQ)","ESP","M",""
"Victor LANGELLOTTI","INEOS GRENADIERS (IGD)","MON","M",""
"Paul LAPEIRA","DECATHLON CMA CGM TEAM (DCT)","FRA","M",""
"Christophe LAPORTE","TEAM VISMA | LEASE A BIKE (TVL)","FRA","M",""
"Axel LAURANCE","INEOS GRENADIERS (IGD)","FRA","M",""
"Olivier LE GAC","GROUPAMA-FDJ UNITED (GFC)","FRA","M",""
"Junior LECERF","SOUDAL QUICK-STEP (SOQ)","BEL","M",""
"Gijs LEEMREIZE","TEAM PICNIC POSTNL (TPP)","NED","M",""
"Andreas LEKNESSUND","UNO-X MOBILITY (UXM)","NOR","M",""
"Bart LEMMEN","TEAM VISMA | LEASE A BIKE (TVL)","NED","M",""
"Michael Shea LEONARD","EF EDUCATION - EASYPOST (EFE)","CAN","M",""
"Blume William LEVY","UNO-X MOBILITY (UXM)","DEN","M",""
"Antoine L'HOTE","DECATHLON CMA CGM TEAM (DCT)","FRA","M",""
"Florian LIPOWITZ","RED BULL - BORA - HANSGROHE (RBH)","GER","M",""
"Arjen LIVYNS","XDS ASTANA TEAM (XAT)","BEL","M",""
"Sakarias Koller LØLAND","UNO-X MOBILITY (UXM)","NOR","M",""
"Harold Martin LOPEZ GRANIZO","XDS ASTANA TEAM (XAT)","ECU","M",""
"Juan Pedro LOPEZ PEREZ","MOVISTAR TEAM (MOV)","ESP","M",""
"Matis LOUVEL","NSN CYCLING TEAM (NSN)","FRA","M",""
"Lund Tobias LUND ANDRESEN","DECATHLON CMA CGM TEAM (DCT)","DEN","M",""
"Alexey LUTSENKO","NSN CYCLING TEAM (NSN)","KAZ","M",""
"Filip MACIEJUK","MOVISTAR TEAM (MOV)","POL","M",""
"Alastair MACKELLAR","EF EDUCATION - EASYPOST (EFE)","AUS","M",""
"Valentin MADOUAS","GROUPAMA-FDJ UNITED (GFC)","FRA","M",""
"Paul MAGNIER","SOUDAL QUICK-STEP (SOQ)","FRA","M",""
"Matteo MALUCELLI","XDS ASTANA TEAM (XAT)","ITA","M",""
"Arne MARIT","RED BULL - BORA - HANSGROHE (RBH)","BEL","M",""
"Niklas MÄRKL","TEAM PICNIC POSTNL (TPP)","GER","M",""
"Tim MARSMAN","ALPECIN-PREMIER TECH (APT)","NED","M",""
"Pau MARTI SORIANO","NSN CYCLING TEAM (NSN)","ESP","M",""
"Guillaume MARTIN GUYONNET","GROUPAMA-FDJ UNITED (GFC)","FRA","M",""
"Guillermo Juan MARTINEZ HUERTAS","TEAM PICNIC POSTNL (TPP)","COL","M",""
"Lenny MARTINEZ","BAHRAIN VICTORIOUS (TBV)","FRA","M",""
"Daniel Felipe MARTINEZ POVEDA","RED BULL - BORA - HANSGROHE (RBH)","COL","M",""
"Enric MAS NICOLAU","MOVISTAR TEAM (MOV)","ESP","M",""
"Michael MATTHEWS","TEAM JAYCO ALULA (JAY)","AUS","M",""
"Pietro MATTIO","TEAM VISMA | LEASE A BIKE (TVL)","ITA","M",""
"Hamish MCKENZIE","TEAM JAYCO ALULA (JAY)","AUS","M",""
"Brandon MCNULTY","UAE TEAM EMIRATES XRG (UAD)","USA","M",""
"Jordi MEEUS","RED BULL - BORA - HANSGROHE (RBH)","BEL","M",""
"Milan MENTEN","LOTTO INTERMARCHÉ (LOI)","BEL","M",""
"Tim MERLIER","SOUDAL QUICK-STEP (SOQ)","BEL","M",""
"Luka MEZGEC","TEAM JAYCO ALULA (JAY)","SLO","M",""
"Madis MIHKELS","EF EDUCATION - EASYPOST (EFE)","EST","M",""
"Fran MIHOLJEVIĆ","BAHRAIN VICTORIOUS (TBV)","CRO","M",""
"Jonathan MILAN","LIDL-TREK (LTK)","ITA","M",""
"Matteo MILAN","GROUPAMA-FDJ UNITED (GFC)","ITA","M",""
"Lorenzo MILESI","MOVISTAR TEAM (MOV)","ITA","M",""
"Pau MIQUEL DELGADO","BAHRAIN VICTORIOUS (TBV)","ESP","M",""
"Matej MOHORIC","BAHRAIN VICTORIOUS (TBV)","SLO","M",""
"Juan Sebastian MOLANO BENAVIDES","UAE TEAM EMIRATES XRG (UAD)","COL","M",""
"Rudy MOLARD","GROUPAMA-FDJ UNITED (GFC)","FRA","M",""
"Bauke MOLLEMA","LIDL-TREK (LTK)","NED","M",""
"Manlio MORO","MOVISTAR TEAM (MOV)","ITA","M",""
"Jacopo MOSCA","LIDL-TREK (LTK)","ITA","M",""
"Gianni MOSCON","RED BULL - BORA - HANSGROHE (RBH)","ITA","M",""
"Gregor MÜHLBERGER","DECATHLON CMA CGM TEAM (DCT)","AUT","M",""
"Ryan William MULLEN","NSN CYCLING TEAM (NSN)","IRL","M",""
"Henok MULUEBERHAN","XDS ASTANA TEAM (XAT)","ERI","M",""
"Tim NABERMAN","TEAM PICNIC POSTNL (TPP)","NED","M",""
"Oliver NAESEN","DECATHLON CMA CGM TEAM (DCT)","BEL","M",""
"Manuel Jhonatan NARVAEZ","UAE TEAM EMIRATES XRG (UAD)","ECU","M",""
"Krists NEILANDS","NSN CYCLING TEAM (NSN)","LAT","M",""
"Lukas NERURKAR","EF EDUCATION - EASYPOST (EFE)","GBR","M",""
"Cort Magnus NIELSEN","UNO-X MOBILITY (UXM)","DEN","M",""
"Jørgen NORDHAGEN","TEAM VISMA | LEASE A BIKE (TVL)","NOR","M",""
"Sunekær Mathias NORSGAARD","LIDL-TREK (LTK)","DEN","M",""
"Domen NOVAK","UAE TEAM EMIRATES XRG (UAD)","SLO","M",""
"Pavel NOVÁK","MOVISTAR TEAM (MOV)","CZE","M",""
"Thibau NYS","LIDL-TREK (LTK)","BEL","M",""
"Kelland O’BRIEN","TEAM JAYCO ALULA (JAY)","AUS","M",""
"Ben O'CONNOR","TEAM JAYCO ALULA (JAY)","AUS","M",""
"Ivo OLIVEIRA","UAE TEAM EMIRATES XRG (UAD)","POR","M",""
"Nelson OLIVEIRA","MOVISTAR TEAM (MOV)","POR","M",""
"Jakob OMRZEL","BAHRAIN VICTORIOUS (TBV)","SLO","M",""
"Edgar Oscar ONLEY","INEOS GRENADIERS (IGD)","GBR","M",""
"Sam OOMEN","LIDL-TREK (LTK)","NED","M",""
"Robin ORINS","LOTTO INTERMARCHÉ (LOI)","BEL","M",""
"Felix ØRN-KRISTOFF","LOTTO INTERMARCHÉ (LOI)","NOR","M",""
"Mathijs PAASSCHENS","BAHRAIN VICTORIOUS (TBV)","NED","M",""
"Quentin PACHER","GROUPAMA-FDJ UNITED (GFC)","FRA","M",""
"Enzo PALENI","GROUPAMA-FDJ UNITED (GFC)","FRA","M",""
"Valentin PARET PEINTRE","SOUDAL QUICK-STEP (SOQ)","FRA","M",""
"Aurélien PARET PEINTRE","DECATHLON CMA CGM TEAM (DCT)","FRA","M",""
"Oliver PEACE","TEAM PICNIC POSTNL (TPP)","GBR","M",""
"Breiner Henrik PEDERSEN","UNO-X MOBILITY (UXM)","DEN","M",""
"Mads PEDERSEN","LIDL-TREK (LTK)","DEN","M",""
"Phillip Casper PEDERSEN","SOUDAL QUICK-STEP (SOQ)","DEN","M",""
"Søjberg Rasmus PEDERSEN","DECATHLON CMA CGM TEAM (DCT)","DEN","M",""
"Giulio PELLIZZARI","RED BULL - BORA - HANSGROHE (RBH)","ITA","M",""
"Paul PENHOET","GROUPAMA-FDJ UNITED (GFC)","FRA","M",""
"Adria PERICAS CAPDEVILA","UAE TEAM EMIRATES XRG (UAD)","ESP","M",""
"Fernando Diego PESCADOR CASTRO","MOVISTAR TEAM (MOV)","COL","M",""
"Jasper PHILIPSEN","ALPECIN-PREMIER TECH (APT)","BEL","M",""
"Withen Albert PHILIPSEN","LIDL-TREK (LTK)","DEN","M",""
"Xavier Finlay Xavier PICKERING","TEAM JAYCO ALULA (JAY)","GBR","M",""
"Davide PIGANZOLI","TEAM VISMA | LEASE A BIKE (TVL)","ITA","M",""
"Alessandro PINARELLO","NSN CYCLING TEAM (NSN)","ITA","M",""
"Laurence PITHIE","RED BULL - BORA - HANSGROHE (RBH)","NZL","M",""
"Edward PLANCKAERT","ALPECIN-PREMIER TECH (APT)","BEL","M",""
"Lucas PLAPP","TEAM JAYCO ALULA (JAY)","AUS","M",""
"Thomas Jensen PLOWRIGHT","ALPECIN-PREMIER TECH (APT)","AUS","M",""
"Tadej POGAČAR","UAE TEAM EMIRATES XRG (UAD)","SLO","M",""
"Nils POLITT","UAE TEAM EMIRATES XRG (UAD)","GER","M",""
"Gianluca POLLEFLIET","DECATHLON CMA CGM TEAM (DCT)","BEL","M",""
"Max David POOLE","TEAM PICNIC POSTNL (TPP)","GBR","M",""
"Rudy PORTER","TEAM JAYCO ALULA (JAY)","AUS","M",""
"Neilson POWLESS","EF EDUCATION - EASYPOST (EFE)","USA","M",""
"Johan PRICE PEJTERSEN","ALPECIN-PREMIER TECH (APT)","DEN","M",""
"Nicolas PRODHOMME","DECATHLON CMA CGM TEAM (DCT)","FRA","M",""
"Sean QUINN","EF EDUCATION - EASYPOST (EFE)","USA","M",""
"Nairo QUINTANA","MOVISTAR TEAM (MOV)","COL","M",""
"Andrea RACCAGNI NOVIERO","SOUDAL QUICK-STEP (SOQ)","ITA","M",""
"Darren RAFFERTY","EF EDUCATION - EASYPOST (EFE)","IRL","M",""
"Nadav RAISBERG","NSN CYCLING TEAM (NSN)","ISR","M",""
"Pepijn REINDERINK","SOUDAL QUICK-STEP (SOQ)","NED","M",""
"Senna REMIJN","ALPECIN-PREMIER TECH (APT)","NED","M",""
"Henri François RENARD HAQUIN","TEAM PICNIC POSTNL (TPP)","FRA","M",""
"Erik Nordsaeter RESELL","UNO-X MOBILITY (UXM)","NOR","M",""
"Laurenz REX","SOUDAL QUICK-STEP (SOQ)","BEL","M",""
"Tim REX","TEAM VISMA | LEASE A BIKE (TVL)","BEL","M",""
"Matthew RICCITELLO","DECATHLON CMA CGM TEAM (DCT)","USA","M",""
"Jonas RICKAERT","ALPECIN-PREMIER TECH (APT)","BEL","M",""
"Oscar RIESEBEEK","ALPECIN-PREMIER TECH (APT)","NED","M",""
"Brandon Smith RIVERA VARGAS","INEOS GRENADIERS (IGD)","COL","M",""
"Rémy ROCHAS","GROUPAMA-FDJ UNITED (GFC)","FRA","M",""
"Carlos RODRIGUEZ CANO","INEOS GRENADIERS (IGD)","ESP","M",""
"Oscar RODRIGUEZ GARAICOECHEA","INEOS GRENADIERS (IGD)","ESP","M",""
"Cristian RODRIGUEZ MARTIN","XDS ASTANA TEAM (XAT)","ESP","M",""
"Primož ROGLIČ","RED BULL - BORA - HANSGROHE (RBH)","SLO","M",""
"Brieuc ROLLAND","GROUPAMA-FDJ UNITED (GFC)","FRA","M",""
"Alessandro ROMELE","XDS ASTANA TEAM (XAT)","ITA","M",""
"Ivan ROMEO ABAD","MOVISTAR TEAM (MOV)","ESP","M",""
"Javier ROMO OLIVER","MOVISTAR TEAM (MOV)","ESP","M",""
"Timo ROOSEN","TEAM PICNIC POSTNL (TPP)","NED","M",""
"Lorenzo ROTA","LOTTO INTERMARCHÉ (LOI)","ITA","M",""
"Einer Augusto RUBIO REYES","MOVISTAR TEAM (MOV)","COL","M",""
"Clément RUSSO","GROUPAMA-FDJ UNITED (GFC)","FRA","M",""
"Jonas RUTSCH","LOTTO INTERMARCHÉ (LOI)","GER","M",""
"Archie RYAN","EF EDUCATION - EASYPOST (EFE)","IRL","M",""
"Pelayo SANCHEZ MAYO","MOVISTAR TEAM (MOV)","ESP","M",""
"Christian SCARONI","XDS ASTANA TEAM (XAT)","ITA","M",""
"Maximilian SCHACHMANN","SOUDAL QUICK-STEP (SOQ)","GER","M",""
"Anton SCHIFFER","TEAM VISMA | LEASE A BIKE (TVL)","GER","M",""
"Mauro SCHMID","TEAM JAYCO ALULA (JAY)","SUI","M",""
"Marco SCHRETTL","XDS ASTANA TEAM (XAT)","AUT","M",""
"Nicholas SCHULTZ","NSN CYCLING TEAM (NSN)","AUS","M",""
"Matthias SCHWARZBACHER","EF EDUCATION - EASYPOST (EFE)","SVK","M",""
"Callum SCOTSON","DECATHLON CMA CGM TEAM (DCT)","AUS","M",""
"Alec SEGAERT","BAHRAIN VICTORIOUS (TBV)","BEL","M",""
"Paul SEIXAS","DECATHLON CMA CGM TEAM (DCT)","FRA","M",""
"Florian SENECHAL","ALPECIN-PREMIER TECH (APT)","FRA","M",""
"Sente SENTJENS","ALPECIN-PREMIER TECH (APT)","BEL","M",""
"Gonzalo SERRANO RODRIGUEZ","MOVISTAR TEAM (MOV)","ESP","M",""
"James SHAW","EF EDUCATION - EASYPOST (EFE)","GBR","M",""
"Riley SHEEHAN","NSN CYCLING TEAM (NSN)","USA","M",""
"Magnus SHEFFIELD","INEOS GRENADIERS (IGD)","USA","M",""
"Artem SHMIDT","INEOS GRENADIERS (IGD)","USA","M",""
"Guillermo Thomas SILVA COUSSAN","XDS ASTANA TEAM (XAT)","URU","M",""
"Colby SIMMONS","EF EDUCATION - EASYPOST (EFE)","USA","M",""
"Quinn SIMMONS","LIDL-TREK (LTK)","USA","M",""
"Pavel SIVAKOV","UAE TEAM EMIRATES XRG (UAD)","FRA","M",""
"Anders SKAARSETH","UNO-X MOBILITY (UXM)","NOR","M",""
"Daniel SKERL","BAHRAIN VICTORIOUS (TBV)","ITA","M",""
"Mattias SKJELMOSE","LIDL-TREK (LTK)","DEN","M",""
"Toms SKUJINS","LIDL-TREK (LTK)","LAT","M",""
"Liam SLOCK","LOTTO INTERMARCHÉ (LOI)","BEL","M",""
"Dion Allan SMITH","NSN CYCLING TEAM (NSN)","NZL","M",""
"Matteo SOBRERO","LIDL-TREK (LTK)","ITA","M",""
"Jakob SÖDERQVIST","LIDL-TREK (LTK)","SWE","M",""
"Marc SOLER","UAE TEAM EMIRATES XRG (UAD)","ESP","M",""
"Robert STANNARD","BAHRAIN VICTORIOUS (TBV)","AUS","M",""
"Johannes STAUNE-MITTET","DECATHLON CMA CGM TEAM (DCT)","NOR","M",""
"Georg STEINHAUSER","EF EDUCATION - EASYPOST (EFE)","GER","M",""
"Jake STEWART","NSN CYCLING TEAM (NSN)","GBR","M",""
"Thomas Oliver STOCKWELL","BAHRAIN VICTORIOUS (TBV)","GBR","M",""
"Corbin John STRONG","NSN CYCLING TEAM (NSN)","NZL","M",""
"Jasper STUYVEN","SOUDAL QUICK-STEP (SOQ)","BEL","M",""
"Haoyu SU","XDS ASTANA TEAM (XAT)","CHN","M",""
"Jasha SÜTTERLIN","TEAM JAYCO ALULA (JAY)","GER","M",""
"Tobias SVARRE","UNO-X MOBILITY (UXM)","DEN","M",""
"Embret SVESTAD-BÅRDSENG","INEOS GRENADIERS (IGD)","NOR","M",""
"Martin SVRČEK","SOUDAL QUICK-STEP (SOQ)","SVK","M",""
"William Harrison SWEENY","EF EDUCATION - EASYPOST (EFE)","AUS","M",""
"Ben SWIFT","INEOS GRENADIERS (IGD)","GBR","M",""
"Connor SWIFT","INEOS GRENADIERS (IGD)","GBR","M",""
"Gleb SYRITSA","XDS ASTANA TEAM (XAT)","RUS","M",""
"Lionel TAMINIAUX","LOTTO INTERMARCHÉ (LOI)","BEL","M",""
"Joshua Michael TARLING","INEOS GRENADIERS (IGD)","GBR","M",""
"Harold Alfonso TEJADA CANACUE","XDS ASTANA TEAM (XAT)","COL","M",""
"Natnael TESFATSION","MOVISTAR TEAM (MOV)","ERI","M",""
"Mike TEUNISSEN","XDS ASTANA TEAM (XAT)","NED","M",""
"Tim Torn TEUTENBERG","LIDL-TREK (LTK)","GER","M",""
"Edward THEUNS","LIDL-TREK (LTK)","BEL","M",""
"Gerben THIJSSEN","ALPECIN-PREMIER TECH (APT)","BEL","M",""
"Reuben THOMPSON","LOTTO INTERMARCHÉ (LOI)","NZL","M",""
"Callum THORNLEY","RED BULL - BORA - HANSGROHE (RBH)","GBR","M",""
"Antonio TIBERI","BAHRAIN VICTORIOUS (TBV)","ITA","M",""
"Rasmus TILLER","UNO-X MOBILITY (UXM)","NOR","M",""
"Martin TJØTTA","UNO-X MOBILITY (UXM)","NOR","M",""
"António TOMAS MORGADO","UAE TEAM EMIRATES XRG (UAD)","POR","M",""
"Davide TONEATTI","XDS ASTANA TEAM (XAT)","ITA","M",""
"Pablo TORRES ARIAS","UAE TEAM EMIRATES XRG (UAD)","ESP","M",""
"Albert TORRES BARCELO","MOVISTAR TEAM (MOV)","ESP","M",""
"Torstein TRÆEN","UNO-X MOBILITY (UXM)","NOR","M",""
"Jan TRATNIK","RED BULL - BORA - HANSGROHE (RBH)","SLO","M",""
"Bastien TRONCHON","GROUPAMA-FDJ UNITED (GFC)","FRA","M",""
"Luke TUCKWELL","RED BULL - BORA - HANSGROHE (RBH)","AUS","M",""
"Ben TULETT","TEAM VISMA | LEASE A BIKE (TVL)","GBR","M",""
"Ben TURNER","INEOS GRENADIERS (IGD)","GBR","M",""
"Henri UHLIG","ALPECIN-PREMIER TECH (APT)","GER","M",""
"Cian UIJTDEBROEKS","MOVISTAR TEAM (MOV)","BEL","M",""
"Diego ULISSI","XDS ASTANA TEAM (XAT)","ITA","M",""
"Mathias VACEK","LIDL-TREK (LTK)","CZE","M",""
"Michael VALGREN","EF EDUCATION - EASYPOST (EFE)","DEN","M",""
"Attila VALTER","BAHRAIN VICTORIOUS (TBV)","HUN","M",""
"Wout VAN AERT","TEAM VISMA | LEASE A BIKE (TVL)","BEL","M",""
"Tom VAN ASBROECK","NSN CYCLING TEAM (NSN)","BEL","M",""
"Dylan VAN BAARLE","SOUDAL QUICK-STEP (SOQ)","NED","M",""
"Darren VAN BEKKUM","XDS ASTANA TEAM (XAT)","NED","M",""
"Loe VAN BELLE","TEAM VISMA | LEASE A BIKE (TVL)","NED","M",""
"Luca VAN BOVEN","LOTTO INTERMARCHÉ (LOI)","BEL","M",""
"Marijn VAN DEN BERG","EF EDUCATION - EASYPOST (EFE)","NED","M",""
"Julius VAN DEN BERG","TEAM PICNIC POSTNL (TPP)","NED","M",""
"Fabio VAN DEN BOSSCHE","SOUDAL QUICK-STEP (SOQ)","BEL","M",""
"Frank VAN DEN BROEK","TEAM PICNIC POSTNL (TPP)","NED","M",""
"Taco VAN DER HOORN","LOTTO INTERMARCHÉ (LOI)","NED","M",""
"Jardi Christiaan VAN DER LEE","EF EDUCATION - EASYPOST (EFE)","NED","M",""
"Max VAN DER MEULEN","BAHRAIN VICTORIOUS (TBV)","NED","M",""
"Mathieu VAN DER POEL","ALPECIN-PREMIER TECH (APT)","NED","M",""
"Mick VAN DIJKE","RED BULL - BORA - HANSGROHE (RBH)","NED","M",""
"Tim VAN DIJKE","RED BULL - BORA - HANSGROHE (RBH)","NED","M",""
"Lennert VAN EETVELT","LOTTO INTERMARCHÉ (LOI)","BEL","M",""
"Dries VAN GESTEL","SOUDAL QUICK-STEP (SOQ)","BEL","M",""
"Maxim VAN GILS","RED BULL - BORA - HANSGROHE (RBH)","BEL","M",""
"Bert VAN LERBERGHE","SOUDAL QUICK-STEP (SOQ)","BEL","M",""
"Vlad VAN MECHELEN","BAHRAIN VICTORIOUS (TBV)","BEL","M",""
"Danny VAN POPPEL","RED BULL - BORA - HANSGROHE (RBH)","NED","M",""
"Roel VAN SINTMAARTENSDIJK","LOTTO INTERMARCHÉ (LOI)","NED","M",""
"Floris VAN TRICHT","NSN CYCLING TEAM (NSN)","BEL","M",""
"Casper Cornelis VAN UDEN","TEAM PICNIC POSTNL (TPP)","NED","M",""
"Ilan VAN WILDER","SOUDAL QUICK-STEP (SOQ)","BEL","M",""
"Warre VANGHELUWE","SOUDAL QUICK-STEP (SOQ)","BEL","M",""
"Mauri VANSEVENANT","SOUDAL QUICK-STEP (SOQ)","BEL","M",""
"Kévin VAUQUELIN","INEOS GRENADIERS (IGD)","FRA","M",""
"Baptiste VEISTROFFER","LOTTO INTERMARCHÉ (LOI)","FRA","M",""
"Simone VELASCO","XDS ASTANA TEAM (XAT)","ITA","M",""
"Andrea VENDRAME","TEAM JAYCO ALULA (JAY)","ITA","M",""
"Otto VERGAERDE","LIDL-TREK (LTK)","BEL","M",""
"Luca VERGALLITO","ALPECIN-PREMIER TECH (APT)","ITA","M",""
"Kevin VERMAERKE","UAE TEAM EMIRATES XRG (UAD)","USA","M",""
"Florian VERMEERSCH","UAE TEAM EMIRATES XRG (UAD)","BEL","M",""
"Gianni VERMEERSCH","RED BULL - BORA - HANSGROHE (RBH)","BEL","M",""
"Ethan VERNON","NSN CYCLING TEAM (NSN)","GBR","M",""
"Carlos VERONA QUINTANILLA","LIDL-TREK (LTK)","ESP","M",""
"Emiel VERSTRYNGE","ALPECIN-PREMIER TECH (APT)","BEL","M",""
"Louis VERVAEKE","SOUDAL QUICK-STEP (SOQ)","BEL","M",""
"Jonathan VERVENNE","SOUDAL QUICK-STEP (SOQ)","BEL","M",""
"Jay VINE","UAE TEAM EMIRATES XRG (UAD)","AUS","M",""
"Jonas VINGEGAARD HANSEN","TEAM VISMA | LEASE A BIKE (TVL)","DEN","M",""
"Nicolya VINOKUROV","XDS ASTANA TEAM (XAT)","KAZ","M",""
"Aleksandr VLASOV","RED BULL - BORA - HANSGROHE (RBH)","RUS","M",""
"Søren WÆRENSKJOLD","UNO-X MOBILITY (UXM)","NOR","M",""
"Max WALKER","EF EDUCATION - EASYPOST (EFE)","GBR","M",""
"Maximilian Richard WALSCHEID","LIDL-TREK (LTK)","GER","M",""
"Frederik WANDAHL","RED BULL - BORA - HANSGROHE (RBH)","DEN","M",""
"Sam WATSON","INEOS GRENADIERS (IGD)","GBR","M",""
"Tim WELLENS","UAE TEAM EMIRATES XRG (UAD)","BEL","M",""
"Sam WELSFORD","INEOS GRENADIERS (IGD)","AUS","M",""
"Bram WELTEN","TEAM PICNIC POSTNL (TPP)","NED","M",""
"Jarno WIDAR","LOTTO INTERMARCHÉ (LOI)","BEL","M",""
"Stephen WILLIAMS","NSN CYCLING TEAM (NSN)","GBR","M",""
"Adam Richard YATES","UAE TEAM EMIRATES XRG (UAD)","GBR","M",""
"Edoardo ZAMBANINI","BAHRAIN VICTORIOUS (TBV)","ITA","M",""
"Filippo ZANA","SOUDAL QUICK-STEP (SOQ)","ITA","M",""
"Georg ZIMMERMANN","LOTTO INTERMARCHÉ (LOI)","GER","M",""
"Axel ZINGLE","TEAM VISMA | LEASE A BIKE (TVL)","FRA","M",""
"Ben ZWIEHOFF","RED BULL - BORA - HANSGROHE (RBH)","GER","M",""
"Jon AGIRRE EGAÑA","EUSKALTEL-EUSKADI (EUS)","ESP","M",""
"Yago AGUIRRE SUBIJANA","EUSKALTEL-EUSKADI (EUS)","ESP","M",""
"Julian ALAPHILIPPE","TUDOR PRO CYCLING TEAM (TUD)","FRA","M",""
"Piet ALLEGAERT","COFIDIS (COF)","BEL","M",""
"Clement ALLENO","BURGOS-BURPELLET-BH (BBH)","FRA","M",""
"Nicolas ALUSTIZA GOENAGA","EUSKALTEL-EUSKADI (EUS)","ESP","M",""
"Rodrigo ALVAREZ RODRIGUEZ","BURGOS-BURPELLET-BH (BBH)","ESP","M",""
"Matteo AMBROSINI","MBH BANK CSB TELECOM FORT (MBH)","ITA","M",""
"Stanisław ANIOŁKOWSKI","COFIDIS (COF)","POL","M",""
"Mario APARICIO MUÑOZ","BURGOS-BURPELLET-BH (BBH)","ESP","M",""
"Alex ARANBURU DEVA","COFIDIS (COF)","ESP","M",""
"Yukiya ARASHIRO","SOLUTION TECH NIPPO RALI (TFT)","JPN","M",""
"Erasmo Franklin ARCHIBOLD CASTILLO","SOLUTION TECH NIPPO RALI (TFT)","PAN","M",""
"Hamish ARMITT","TEAM NOVO NORDISK (TNN)","GBR","M",""
"Julen ARRIOLA-BENGOA BEITIA","CAJA RURAL-SEGUROS RGA (CJR)","ESP","M",""
"Ronan AUGE","UNIBET ROSE ROCKETS (URR)","FRA","M",""
"Ibai AZANZA BURUSCO","EQUIPO KERN PHARMA (EKP)","ESP","M",""
"Hugo AZNAR VIJUESCA","EQUIPO KERN PHARMA (EKP)","ESP","M",""
"Unai AZNAR VIJUESCA","EUSKALTEL-EUSKADI (EUS)","ESP","M",""
"Xabier Mikel AZPARREN IRURZUN","PINARELLO-Q36.5 PRO CYCLING TEAM (PQT)","ESP","M",""
"Matteo BADILATTI","PINARELLO-Q36.5 PRO CYCLING TEAM (PQT)","SUI","M",""
"Christian BAGATIN","MBH BANK CSB TELECOM FORT (MBH)","ITA","M",""
"Davide BAIS","TEAM POLTI VISITMALTA (PTV)","ITA","M",""
"Mattia BAIS","TEAM POLTI VISITMALTA (PTV)","ITA","M",""
"Abel BALDERSTONE ROUMENS","CAJA RURAL-SEGUROS RGA (CJR)","ESP","M",""
"Alexandre BALMER","SOLUTION TECH NIPPO RALI (TFT)","SUI","M",""
"Fernando BARCELO ARAGON","CAJA RURAL-SEGUROS RGA (CJR)","ESP","M",""
"William BARTA","TUDOR PRO CYCLING TEAM (TUD)","USA","M",""
"Sjoerd BAX","PINARELLO-Q36.5 PRO CYCLING TEAM (PQT)","NED","M",""
"Hamish BEADLE","TEAM NOVO NORDISK (TNN)","NZL","M",""
"Dario Igor BELLETTA","TEAM POLTI VISITMALTA (PTV)","ITA","M",""
"Adrian BENITO GONZALEZ","TEAM POLTI VISITMALTA (PTV)","ESP","M",""
"Sam BENNETT","PINARELLO-Q36.5 PRO CYCLING TEAM (PQT)","IRL","M",""
"Xabier BERASATEGI GARMENDIA","EUSKALTEL-EUSKADI (EUS)","ESP","M",""
"Urko BERRADE FERNANDEZ","EQUIPO KERN PHARMA (EKP)","ESP","M",""
"Sebastian BERWICK","CAJA RURAL-SEGUROS RGA (CJR)","AUS","M",""
"Gabriele BESSEGA","TEAM POLTI VISITMALTA (PTV)","ITA","M",""
"Tommaso BESSEGA","TEAM POLTI VISITMALTA (PTV)","ITA","M",""
"Jenthe BIERMANS","COFIDIS (COF)","BEL","M",""
"Mikel BIZKARRA ETXEGIBEL","EUSKALTEL-EUSKADI (EUS)","ESP","M",""
"Joren BLOEM","UNIBET ROSE ROCKETS (URR)","NED","M",""
"Samuel BOARDMAN","MODERN ADVENTURE PRO CYCLING (MAP)","USA","M",""
"Thomas BONNET","TOTALENERGIES (TEN)","FRA","M",""
"Kamiel BONNEU","SOLUTION TECH NIPPO RALI (TFT)","BEL","M",""
"Joan BOU COMPANY","CAJA RURAL-SEGUROS RGA (CJR)","ESP","M",""
"Geoffrey BOUCHARD","TOTALENERGIES (TEN)","FRA","M",""
"Georgios BOUGLAS","BURGOS-BURPELLET-BH (BBH)","GRE","M",""
"Rayan BOULAHOITE","TOTALENERGIES (TEN)","FRA","M",""
"Diego BRACALENTE","MBH BANK CSB TELECOM FORT (MBH)","ITA","M",""
"Sam BRAND","TEAM NOVO NORDISK (TNN)","GBR","M",""
"Marco BRENNER","TUDOR PRO CYCLING TEAM (TUD)","GER","M",""
"Nicolas BREUILLARD","TOTALENERGIES (TEN)","FRA","M",""
"Alexys BRUNEL","TOTALENERGIES (TEN)","FRA","M",""
"Marc BRUSTENGA MASAGUE","EQUIPO KERN PHARMA (EKP)","ESP","M",""
"Emanuel BUCHMANN","COFIDIS (COF)","GER","M",""
"Marcin BUDZINSKI","MBH BANK CSB TELECOM FORT (MBH)","POL","M",""
"Nicolo' BURATTI","MBH BANK CSB TELECOM FORT (MBH)","ITA","M",""
"Mathieu BURGAUDEAU","TOTALENERGIES (TEN)","FRA","M",""
"Josh BURNETT","BURGOS-BURPELLET-BH (BBH)","NZL","M",""
"James Aidan BUTTIGIEG","TEAM POLTI VISITMALTA (PTV)","MLT","M",""
"Walter CALZONI","PINARELLO-Q36.5 PRO CYCLING TEAM (PQT)","ITA","M",""
"Marcel CAMPRUBI  PIJUAN","PINARELLO-Q36.5 PRO CYCLING TEAM (PQT)","ESP","M",""
"Robin CARPENTER","MODERN ADVENTURE PRO CYCLING (MAP)","USA","M",""
"Simon CARR","COFIDIS (COF)","GBR","M",""
"Pablo CARRASCOSA MILLER","EQUIPO KERN PHARMA (EKP)","ESP","M",""
"Jan CASTELLON RIBALTA","CAJA RURAL-SEGUROS RGA (CJR)","ESP","M",""
"Ezra CAUDELL","MODERN ADVENTURE PRO CYCLING (MAP)","USA","M",""
"Daniel CAVIA SANZ","BURGOS-BURPELLET-BH (BBH)","ESP","M",""
"Filippo CETTOLIN","BARDIANI CSF 7 SABER (BCS)","ITA","M",""
"Camille CHARRET","COFIDIS (COF)","FRA","M",""
"Cesare CHESINI","MBH BANK CSB TELECOM FORT (MBH)","ITA","M",""
"Fabio CHRISTEN","PINARELLO-Q36.5 PRO CYCLING TEAM (PQT)","SUI","M",""
"Sean CHRISTIAN","MODERN ADVENTURE PRO CYCLING (MAP)","USA","M",""
"Cedrik Bakke CHRISTOPHERSEN","UNIBET ROSE ROCKETS (URR)","NOR","M",""
"Sergio Geovani CHUMIL GONZALEZ","BURGOS-BURPELLET-BH (BBH)","GUA","M",""
"Edoardo CIPOLLINI","MBH BANK CSB TELECOM FORT (MBH)","ITA","M",""
"Ivan COBO CAYON","EQUIPO KERN PHARMA (EKP)","ESP","M",""
"Jacopo COLLADON","TEAM NOVO NORDISK (TNN)","ITA","M",""
"Luca COLNAGHI","BARDIANI CSF 7 SABER (BCS)","ITA","M",""
"Lorenzo CONFORTI","BARDIANI CSF 7 SABER (BCS)","ITA","M",""
"Valerio CONTI","SOLUTION TECH NIPPO RALI (TFT)","ITA","M",""
"Bryan COQUARD","COFIDIS (COF)","FRA","M",""
"Gorka CORRES IBAÑEZ DE OPAKUA","CAJA RURAL-SEGUROS RGA (CJR)","ESP","M",""
"Luca COVILI","BARDIANI CSF 7 SABER (BCS)","ITA","M",""
"Tom CRABBE","TEAM FLANDERS - BALOISE (TFB)","BEL","M",""
"Ludovico CRESCIOLI","TEAM POLTI VISITMALTA (PTV)","ITA","M",""
"Luca CRETTI","MBH BANK CSB TELECOM FORT (MBH)","ITA","M",""
"Fabricio German CROZZOLO","TEAM POLTI VISITMALTA (PTV)","ARG","M",""
"Edward Santiago CRUZ MARTINEZ","BARDIANI CSF 7 SABER (BCS)","COL","M",""
"Sergi DARDER GARI","CAJA RURAL-SEGUROS RGA (CJR)","ESP","M",""
"Lucas DAUGE","TEAM NOVO NORDISK (TNN)","FRA","M",""
"Florian DAUPHIN","TOTALENERGIES (TEN)","FRA","M",""
"Stefan DE BOD","MODERN ADVENTURE PRO CYCLING (MAP)","RSA","M",""
"Aime DE GENDT","PINARELLO-Q36.5 PRO CYCLING TEAM (PQT)","BEL","M",""
"Quinten DE GRAEVE","TEAM NOVO NORDISK (TNN)","BEL","M",""
"Arvid DE KLEIJN","TUDOR PRO CYCLING TEAM (TUD)","NED","M",""
"Hugo DE LA CALLE ARANGO","BURGOS-BURPELLET-BH (BBH)","ESP","M",""
"David DE LA CRUZ MELGAREJO","PINARELLO-Q36.5 PRO CYCLING TEAM (PQT)","ESP","M",""
"Hartthijs DE VRIES","UNIBET ROSE ROCKETS (URR)","NED","M",""
"Nicolas DEBEAUMARCHE","COFIDIS (COF)","FRA","M",""
"Joris DELBOVE","TOTALENERGIES (TEN)","FRA","M",""
"Alexandre DELETTRE","TOTALENERGIES (TEN)","FRA","M",""
"Brem DEMAN","TEAM FLANDERS - BALOISE (TFB)","BEL","M",""
"Tuur DENS","TEAM FLANDERS - BALOISE (TFB)","BEL","M",""
"Siebe DEWEIRDT","TEAM FLANDERS - BALOISE (TFB)","BEL","M",""
"Alex DIAZ ALVAREZ","CAJA RURAL-SEGUROS RGA (CJR)","ESP","M",""
"Jose Manuel DIAZ GALLEGO","BURGOS-BURPELLET-BH (BBH)","ESP","M",""
"Márton DINA","MBH BANK CSB TELECOM FORT (MBH)","HUN","M",""
"Djordje DJURIC","SOLUTION TECH NIPPO RALI (TFT)","SRB","M",""
"Mark Jamie DONOVAN","PINARELLO-Q36.5 PRO CYCLING TEAM (PQT)","GBR","M",""
"Robin DONZÉ","TUDOR PRO CYCLING TEAM (TUD)","SUI","M",""
"Fabien DOUBEY","TOTALENERGIES (TEN)","FRA","M",""
"Sandy DUJARDIN","TOTALENERGIES (TEN)","FRA","M",""
"Edward DUNBAR","PINARELLO-Q36.5 PRO CYCLING TEAM (PQT)","IRL","M",""
"Odd Christian EIKING","UNIBET ROSE ROCKETS (URR)","NOR","M",""
"Iñigo ELOSEGUI MOMEÑE","EQUIPO KERN PHARMA (EKP)","ESP","M",""
"Jacob ERIKSSON","TUDOR PRO CYCLING TEAM (TUD)","SWE","M",""
"Matteo FABBRO","SOLUTION TECH NIPPO RALI (TFT)","ITA","M",""
"Antonio Eric FAGUNDEZ LIMA","BURGOS-BURPELLET-BH (BBH)","URU","M",""
"Adrian FAJARDO TOLEDO","BURGOS-BURPELLET-BH (BBH)","ESP","M",""
"Alessandro FANCELLU","MBH BANK CSB TELECOM FORT (MBH)","ITA","M",""
"Jose Luis FAURA ASENSIO","BURGOS-BURPELLET-BH (BBH)","ESP","M",""
"Karsten Larsen FELDMANN","UNIBET ROSE ROCKETS (URR)","NOR","M",""
"Samuel FERNANDEZ GARCIA","CAJA RURAL-SEGUROS RGA (CJR)","ESP","M",""
"Samuel FERNANDEZ HERES","EUSKALTEL-EUSKADI (EUS)","ESP","M",""
"Sinuhe FERNANDEZ RODRIGUEZ","BURGOS-BURPELLET-BH (BBH)","ESP","M",""
"Santiago FERRARO","BARDIANI CSF 7 SABER (BCS)","ITA","M",""
"Valentin FERRON","COFIDIS (COF)","FRA","M",""
"Tilen FINKŠT","SOLUTION TECH NIPPO RALI (TFT)","SLO","M",""
"Eivind Broholt FOUGNER","UNIBET ROSE ROCKETS (URR)","NOR","M",""
"Milan FRETIN","COFIDIS (COF)","BEL","M",""
"Frederik FRISON","PINARELLO-Q36.5 PRO CYCLING TEAM (PQT)","BEL","M",""
"Robin FROIDEVAUX","TUDOR PRO CYCLING TEAM (TUD)","SUI","M",""
"Thomas GACHIGNARD","TOTALENERGIES (TEN)","FRA","M",""
"Ander GANZABAL BILBAO","EUSKALTEL-EUSKADI (EUS)","ESP","M",""
"Pablo GARCIA FRANCES","TEAM POLTI VISITMALTA (PTV)","ESP","M",""
"Carlos GARCIA PIERNA","BURGOS-BURPELLET-BH (BBH)","ESP","M",""
"Fernando GAVIRIA RENDON","CAJA RURAL-SEGUROS RGA (CJR)","COL","M",""
"Michele GAZZOLI","SOLUTION TECH NIPPO RALI (TFT)","ITA","M",""
"Ferre GEERAERTS","TEAM FLANDERS - BALOISE (TFB)","BEL","M",""
"Owen GELEIJN","UNIBET ROSE ROCKETS (URR)","NED","M",""
"Nil GIMENO FERRER","EQUIPO KERN PHARMA (EKP)","ESP","M",""
"Dario GIULIANO","TEAM POLTI VISITMALTA (PTV)","FRA","M",""
"Thomas GLOAG","PINARELLO-Q36.5 PRO CYCLING TEAM (PQT)","GBR","M",""
"German Dario GOMEZ BECERRA","TEAM POLTI VISITMALTA (PTV)","COL","M",""
"Iker GOMEZ LOPEZ DE GOICOECHEA","EQUIPO KERN PHARMA (EKP)","ESP","M",""
"David GONZALEZ LOPEZ","PINARELLO-Q36.5 PRO CYCLING TEAM (PQT)","ESP","M",""
"Roberto GONZÁLEZ","SOLUTION TECH NIPPO RALI (TFT)","PAN","M",""
"Ben GRANGER","SOLUTION TECH NIPPO RALI (TFT)","GBR","M",""
"Fabien GRELLIER","TOTALENERGIES (TEN)","FRA","M",""
"Dylan GROENEWEGEN","UNIBET ROSE ROCKETS (URR)","NED","M",""
"Filip GRUSZCZYŃSKI","MBH BANK CSB TELECOM FORT (MBH)","POL","M",""
"Jaume GUARDEÑO ROMA","CAJA RURAL-SEGUROS RGA (CJR)","ESP","M",""
"Thibault GUERNALEC","TOTALENERGIES (TEN)","FRA","M",""
"Jorge GUTIERREZ GONZALEZ","EQUIPO KERN PHARMA (EKP)","ESP","M",""
"Marco HALLER","TUDOR PRO CYCLING TEAM (TUD)","AUT","M",""
"William Lyndhurst Christopher HARPER","PINARELLO-Q36.5 PRO CYCLING TEAM (PQT)","AUS","M",""
"Kieran HAUG","MODERN ADVENTURE PRO CYCLING (MAP)","USA","M",""
"Leo William HAYTER","MODERN ADVENTURE PRO CYCLING (MAP)","GBR","M",""
"Paul HENNEQUIN","EUSKALTEL-EUSKADI (EUS)","FRA","M",""
"Quinten HERMANS","PINARELLO-Q36.5 PRO CYCLING TEAM (PQT)","BEL","M",""
"Jesus HERRADA","BURGOS-BURPELLET-BH (BBH)","ESP","M",""
"Martin Santiago HERREÑO POLANIA","BARDIANI CSF 7 SABER (BCS)","COL","M",""
"Jules HESTERS","TEAM FLANDERS - BALOISE (TFB)","BEL","M",""
"Marc HIRSCHI","TUDOR PRO CYCLING TEAM (TUD)","SUI","M",""
"Emmanuel HOUCOU","PINARELLO-Q36.5 PRO CYCLING TEAM (PQT)","FRA","M",""
"Craig Damien HOWSON","PINARELLO-Q36.5 PRO CYCLING TEAM (PQT)","AUS","M",""
"Nolan HUYSMANS","TEAM FLANDERS - BALOISE (TFB)","BEL","M",""
"Alessandro IACCHI","SOLUTION TECH NIPPO RALI (TFT)","ITA","M",""
"Javier IBAÑEZ BELTRAN DE SALAZAR","CAJA RURAL-SEGUROS RGA (CJR)","ESP","M",""
"Unai IRIBAR JAUREGI","EQUIPO KERN PHARMA (EKP)","ESP","M",""
"Declan Thomas IRVINE","TEAM NOVO NORDISK (TNN)","AUS","M",""
"Xabier ISASA LARRAÑAGA","EUSKALTEL-EUSKADI (EUS)","ESP","M",""
"Ion IZAGUIRRE INSAUSTI","COFIDIS (COF)","ESP","M",""
"Clement IZQUIERDO","COFIDIS (COF)","FRA","M",""
"Emilien JEANNIERE","TOTALENERGIES (TEN)","FRA","M",""
"Jordan JEGAT","TOTALENERGIES (TEN)","FRA","M",""
"Yael JOALLAND","COFIDIS (COF)","FRA","M",""
"Jelle JOHANNINK","UNIBET ROSE ROCKETS (URR)","NED","M",""
"Alan JOUSSEAUME","TOTALENERGIES (TEN)","FRA","M",""
"Txomin JUARISTI ARRIETA","EUSKALTEL-EUSKADI (EUS)","ESP","M",""
"Petr KELEMEN","TUDOR PRO CYCLING TEAM (TUD)","CZE","M",""
"Cole KESSLER","MODERN ADVENTURE PRO CYCLING (MAP)","USA","M",""
"Alex KIRSCH","COFIDIS (COF)","LUX","M",""
"Arthur KLUCKERS","TUDOR PRO CYCLING TEAM (TUD)","LUX","M",""
"Vojtěch KMÍNEK","BURGOS-BURPELLET-BH (BBH)","CZE","M",""
"Oliver KNIGHT","COFIDIS (COF)","GBR","M",""
"Sebastian KOLZE CHANGIZI","TUDOR PRO CYCLING TEAM (TUD)","DEN","M",""
"Casper Matyáš KOPECKÝ","UNIBET ROSE ROCKETS (URR)","CZE","M",""
"Cornelius Tomas KOPECKÝ","UNIBET ROSE ROCKETS (URR)","CZE","M",""
"Tomoya KOYAMA","BURGOS-BURPELLET-BH (BBH)","JPN","M",""
"Lukáš KUBIŠ","UNIBET ROSE ROCKETS (URR)","SVK","M",""
"Merhawi KUDUS","BURGOS-BURPELLET-BH (BBH)","ERI","M",""
"Stefan KÜNG","TUDOR PRO CYCLING TEAM (TUD)","SUI","M",""
"Victor LAFAY","UNIBET ROSE ROCKETS (URR)","FRA","M",""
"Michiel LAMBRECHT","TEAM FLANDERS - BALOISE (TFB)","BEL","M",""
"Milan LANHOVE","TEAM FLANDERS - BALOISE (TFB)","BEL","M",""
"Ellande LARRONDE","CAJA RURAL-SEGUROS RGA (CJR)","FRA","M",""
"Niklas LARSEN","UNIBET ROSE ROCKETS (URR)","DEN","M",""
"Harry LASKER","MODERN ADVENTURE PRO CYCLING (MAP)","USA","M",""
"Jonathan LASTRA MARTINEZ","EUSKALTEL-EUSKADI (EUS)","ESP","M",""
"Mathis LE BERRE","TOTALENERGIES (TEN)","FRA","M",""
"Iúri LEITÃO","CAJA RURAL-SEGUROS RGA (CJR)","POR","M",""
"Samuel LEROUX","TOTALENERGIES (TEN)","FRA","M",""
"Theo LEVEQUE","TOTALENERGIES (TEN)","FRA","M",""
"Fabian LIENHARD","TUDOR PRO CYCLING TEAM (TUD)","SUI","M",""
"Emils LIEPINS","PINARELLO-Q36.5 PRO CYCLING TEAM (PQT)","LAT","M",""
"Giovanni LONARDI","TEAM POLTI VISITMALTA (PTV)","ITA","M",""
"Lander LOOCKX","UNIBET ROSE ROCKETS (URR)","BEL","M",""
"Jordi LOPEZ CARAVACA","EUSKALTEL-EUSKADI (EUS)","ESP","M",""
"Joseba LOPEZ CUESTA","CAJA RURAL-SEGUROS RGA (CJR)","ESP","M",""
"Ian LOPEZ DE SAN ROMAN","MODERN ADVENTURE PRO CYCLING (MAP)","USA","M",""
"Juan Jose LOPEZ RODRIGUEZ","TEAM NOVO NORDISK (TNN)","ESP","M",""
"Pablo LOSPITAO GONZALEZ","CAJA RURAL-SEGUROS RGA (CJR)","ESP","M",""
"David LOZANO RIBA","TEAM NOVO NORDISK (TNN)","ESP","M",""
"Jan MAAS","COFIDIS (COF)","NED","M",""
"Cesar MACIAS ESTRADA","BURGOS-BURPELLET-BH (BBH)","MEX","M",""
"Donovan MACKIE","TEAM NOVO NORDISK (TNN)","AUS","M",""
"Mirco MAESTRI","TEAM POLTI VISITMALTA (PTV)","ITA","M",""
"Filippo MAGLI","BARDIANI CSF 7 SABER (BCS)","ITA","M",""
"Adrien MAIRE","UNIBET ROSE ROCKETS (URR)","FRA","M",""
"Sam MAISONOBE","COFIDIS (COF)","FRA","M",""
"Bálint MAKRAI","MBH BANK CSB TELECOM FORT (MBH)","HUN","M",""
"Kamil MAŁECKI","PINARELLO-Q36.5 PRO CYCLING TEAM (PQT)","POL","M",""
"Marco MANENTI","BARDIANI CSF 7 SABER (BCS)","ITA","M",""
"Lorrenzo MANZIN","TOTALENERGIES (TEN)","FRA","M",""
"Martin MARCELLUSI","BARDIANI CSF 7 SABER (BCS)","ITA","M",""
"Nicola MARCEROU","TOTALENERGIES (TEN)","FRA","M",""
"Elias MARIS","TEAM FLANDERS - BALOISE (TFB)","BEL","M",""
"Jose Maria MARTIN MUÑOZ","EQUIPO KERN PHARMA (EKP)","ESP","M",""
"Gotzon MARTIN SANZ","EUSKALTEL-EUSKADI (EUS)","ESP","M",""
"Alessio MARTINELLI","BARDIANI CSF 7 SABER (BCS)","ITA","M",""
"Lorenzo MASCIARELLI","MBH BANK CSB TELECOM FORT (MBH)","ITA","M",""
"Fausto MASNADA","MBH BANK CSB TELECOM FORT (MBH)","ITA","M",""
"Henri Alexandre MAYER","BURGOS-BURPELLET-BH (BBH)","MRI","M",""
"Marius MAYRHOFER","TUDOR PRO CYCLING TEAM (TUD)","GER","M",""
"Bailey MCDONALD","TEAM NOVO NORDISK (TNN)","AUS","M",""
"Brody MCDONALD","MODERN ADVENTURE PRO CYCLING (MAP)","USA","M",""
"Scott MCGILL","MODERN ADVENTURE PRO CYCLING (MAP)","USA","M",""
"Jamie MEEHAN","COFIDIS (COF)","IRL","M",""
"Felix James MEO","SOLUTION TECH NIPPO RALI (TFT)","NZL","M",""
"Sergio MERIS","UNIBET ROSE ROCKETS (URR)","ITA","M",""
"Xandro MEURISSE","PINARELLO-Q36.5 PRO CYCLING TEAM (PQT)","BEL","M",""
"Andréa MIFSUD","TEAM POLTI VISITMALTA (PTV)","MLT","M",""
"Aivaras MIKUTIS","TUDOR PRO CYCLING TEAM (TUD)","LTU","M",""
"Iker MINTEGI CLAVER","EUSKALTEL-EUSKADI (EUS)","ESP","M",""
"Alex MOLENAAR","CAJA RURAL-SEGUROS RGA (CJR)","NED","M",""
"Sylvain MONIQUET","COFIDIS (COF)","BEL","M",""
"Andrea MONTAGNER","BARDIANI CSF 7 SABER (BCS)","ITA","M",""
"Matteo MOSCHETTI","PINARELLO-Q36.5 PRO CYCLING TEAM (PQT)","ITA","M",""
"Wessel MOURIS","UNIBET ROSE ROCKETS (URR)","NED","M",""
"Luca MOZZATO","TUDOR PRO CYCLING TEAM (TUD)","ITA","M",""
"Anton MULLER","TEAM NOVO NORDISK (TNN)","FRA","M",""
"Tobias MÜLLER","UNIBET ROSE ROCKETS (URR)","GER","M",""
"Francisco MUÑOZ LLANA","TEAM POLTI VISITMALTA (PTV)","ESP","M",""
"Byron MUNTON","MODERN ADVENTURE PRO CYCLING (MAP)","RSA","M",""
"Jokin MURGUIALDAY","EUSKALTEL-EUSKADI (EUS)","ESP","M",""
"Tommaso NENCINI","SOLUTION TECH NIPPO RALI (TFT)","ITA","M",""
"Lorenzo NESPOLI","MBH BANK CSB TELECOM FORT (MBH)","ITA","M",""
"Joel NICOLAU BELTRAN","CAJA RURAL-SEGUROS RGA (CJR)","ESP","M",""
"Ander OKAMIKA BENGOETXEA","BURGOS-BURPELLET-BH (BBH)","ESP","M",""
"Stefano OLDANI","CAJA RURAL-SEGUROS RGA (CJR)","ITA","M",""
"Ben OLIVER","MODERN ADVENTURE PRO CYCLING (MAP)","NZL","M",""
"Jakub OTRUBA","CAJA RURAL-SEGUROS RGA (CJR)","CZE","M",""
"Paul OURSELIN","COFIDIS (COF)","FRA","M",""
"Hugo PAGE","COFIDIS (COF)","FRA","M",""
"Luca PALETTI","BARDIANI CSF 7 SABER (BCS)","ITA","M",""
"Nicolo' PARISINI","PINARELLO-Q36.5 PRO CYCLING TEAM (PQT)","ITA","M",""
"Jose Felix PARRA CUERDA","CAJA RURAL-SEGUROS RGA (CJR)","ESP","M",""
"Barnabás PEÁK","MBH BANK CSB TELECOM FORT (MBH)","HUN","M",""
"Manuel PEÑALVER ANIORTE","TEAM POLTI VISITMALTA (PTV)","ESP","M",""
"Francisco Joel PEÑUELA SANDOVAL","CAJA RURAL-SEGUROS RGA (CJR)","VEN","M",""
"Cesar PEREZ LOPEZ","EQUIPO KERN PHARMA (EKP)","ESP","M",""
"Andrea PERON","TEAM NOVO NORDISK (TNN)","ITA","M",""
"Davide PERSICO","MBH BANK CSB TELECOM FORT (MBH)","ITA","M",""
"Thomas PESENTI","TEAM POLTI VISITMALTA (PTV)","ITA","M",""
"Jannis PETER","UNIBET ROSE ROCKETS (URR)","GER","M",""
"Riley PICKRELL","MODERN ADVENTURE PRO CYCLING (MAP)","CAN","M",""
"Joseph PIDCOCK","PINARELLO-Q36.5 PRO CYCLING TEAM (PQT)","GBR","M",""
"Thomas PIDCOCK","PINARELLO-Q36.5 PRO CYCLING TEAM (PQT)","GBR","M",""
"Andrea PIETROBON","TEAM POLTI VISITMALTA (PTV)","ITA","M",""
"Mattia PINAZZI","BARDIANI CSF 7 SABER (BCS)","ITA","M",""
"Andrea PIRAS","SOLUTION TECH NIPPO RALI (TFT)","ITA","M",""
"Rick PLUIMERS","TUDOR PRO CYCLING TEAM (TUD)","NED","M",""
"Wouter POELS","UNIBET ROSE ROCKETS (URR)","NED","M",""
"Antonio POLGA","TEAM NOVO NORDISK (TNN)","ITA","M",""
"Umberto POLI","TEAM NOVO NORDISK (TNN)","ITA","M",""
"Louis Marie POSNIC","TEAM NOVO NORDISK (TNN)","FRA","M",""
"Eduard PRADES REVERTER","CAJA RURAL-SEGUROS RGA (CJR)","ESP","M",""
"Lorenzo QUARTUCCI","BURGOS-BURPELLET-BH (BBH)","ITA","M",""
"Gabriele RACCAGNI","TEAM POLTI VISITMALTA (PTV)","ITA","M",""
"Dusan RAJOVIC","SOLUTION TECH NIPPO RALI (TFT)","SRB","M",""
"Unai RAMOS MURILLO","EQUIPO KERN PHARMA (EKP)","ESP","M",""
"Martijn RASENBERG","UNIBET ROSE ROCKETS (URR)","NED","M",""
"Matteo REGNANTI","SOLUTION TECH NIPPO RALI (TFT)","ITA","M",""
"Elmar REINDERS","UNIBET ROSE ROCKETS (URR)","NED","M",""
"Alexis RENARD","COFIDIS (COF)","FRA","M",""
"Valentin RETAILLEAU","TOTALENERGIES (TEN)","FRA","M",""
"Mikel RETEGI GOÑI","EQUIPO KERN PHARMA (EKP)","ESP","M",""
"Martin REY VAZQUEZ","BURGOS-BURPELLET-BH (BBH)","ESP","M",""
"Filippo RIDOLFO","TEAM NOVO NORDISK (TNN)","ITA","M",""
"Ludovic ROBEET","COFIDIS (COF)","BEL","M",""
"Vicente ROJAS NARANJO","BARDIANI CSF 7 SABER (BCS)","CHI","M",""
"Mathys RONDEL","TUDOR PRO CYCLING TEAM (TUD)","FRA","M",""
"Sergey ROSTOVTSEV","BARDIANI CSF 7 SABER (BCS)","UZB","M",""
"Louis ROULAND","COFIDIS (COF)","FRA","M",""
"Ibon RUIZ SEDANO","EQUIPO KERN PHARMA (EKP)","ESP","M",""
"Jambaljamts SAINBAYAR","BURGOS-BURPELLET-BH (BBH)","MGL","M",""
"Sergio SAMITIER SAMITIER","COFIDIS (COF)","ESP","M",""
"Ariel Carlos SAMUDIO CARRERA","SOLUTION TECH NIPPO RALI (TFT)","PAN","M",""
"Colin SAVIOZ","UNIBET ROSE ROCKETS (URR)","FRA","M",""
"Hugo SCALA JR.","MODERN ADVENTURE PRO CYCLING (MAP)","USA","M",""
"Javier SERRANO RODRIGUEZ","TEAM POLTI VISITMALTA (PTV)","ESP","M",""
"Diego Pablo SEVILLA LOPEZ","TEAM POLTI VISITMALTA (PTV)","ESP","M",""
"Nathan SMITH","TEAM NOVO NORDISK (TNN)","GBR","M",""
"Gorka SORARRAIN AGIRREZABALA","CAJA RURAL-SEGUROS RGA (CJR)","ESP","M",""
"Ivan Ramiro SOSA CUERVO","EQUIPO KERN PHARMA (EKP)","COL","M",""
"Antonio Jesus SOTO GUIRAO","EQUIPO KERN PHARMA (EKP)","ESP","M",""
"Mattia STENICO","BARDIANI CSF 7 SABER (BCS)","ITA","M",""
"Mark STEWART","MODERN ADVENTURE PRO CYCLING (MAP)","GBR","M",""
"Abram STOCKMAN","UNIBET ROSE ROCKETS (URR)","BEL","M",""
"Michael STORER","TUDOR PRO CYCLING TEAM (TUD)","AUS","M",""
"Florian STORK","TUDOR PRO CYCLING TEAM (TUD)","GER","M",""
"Joel SUTER","TUDOR PRO CYCLING TEAM (TUD)","SUI","M",""
"David Louis SUTTON","EUSKALTEL-EUSKADI (EUS)","GBR","M",""
"Zsombor TAKÁCS","MBH BANK CSB TELECOM FORT (MBH)","HUN","M",""
"Manuele TAROZZI","BARDIANI CSF 7 SABER (BCS)","ITA","M",""
"Fernando TERCERO LOPEZ","TEAM POLTI VISITMALTA (PTV)","ESP","M",""
"Lucas TERRIER","TEAM NOVO NORDISK (TNN)","FRA","M",""
"Jason TESSON","TOTALENERGIES (TEN)","FRA","M",""
"Dylan TEUNS","COFIDIS (COF)","BEL","M",""
"Roland THALMANN","TUDOR PRO CYCLING TEAM (TUD)","SUI","M",""
"Pierre THIERRY","TOTALENERGIES (TEN)","FRA","M",""
"Benjamin THOMAS","COFIDIS (COF)","FRA","M",""
"Senne THONNON","TEAM FLANDERS - BALOISE (TFB)","BEL","M",""
"Alex TOLIO","BARDIANI CSF 7 SABER (BCS)","ITA","M",""
"Alessandro TONELLI","TEAM POLTI VISITMALTA (PTV)","ITA","M",""
"Artuur TORNEY","TEAM FLANDERS - BALOISE (TFB)","BEL","M",""
"Adam ŤOUPALÍK","UNIBET ROSE ROCKETS (URR)","CZE","M",""
"Damien TOUZE","COFIDIS (COF)","FRA","M",""
"Lucas Joseph TOWERS","MODERN ADVENTURE PRO CYCLING (MAP)","GBR","M",""
"Rory TOWNSEND","UNIBET ROSE ROCKETS (URR)","IRL","M",""
"Matteo TRENTIN","TUDOR PRO CYCLING TEAM (TUD)","ITA","M",""
"Nikita TSVETKOV","BARDIANI CSF 7 SABER (BCS)","UZB","M",""
"Filippo TURCONI","BARDIANI CSF 7 SABER (BCS)","ITA","M",""
"Matteo TURCONI","BARDIANI CSF 7 SABER (BCS)","ITA","M",""
"Anthony TURGIS","TOTALENERGIES (TEN)","FRA","M",""
"Gari UGARTE LARREA","EUSKALTEL-EUSKADI (EUS)","ESP","M",""
"Abner Santiago UMBA LOPEZ","SOLUTION TECH NIPPO RALI (TFT)","COL","M",""
"Diego URIARTE BELZUNEGI","EQUIPO KERN PHARMA (EKP)","ESP","M",""
"Milan VADER","PINARELLO-Q36.5 PRO CYCLING TEAM (PQT)","NED","M",""
"Baptiste VADIC","TOTALENERGIES (TEN)","FRA","M",""
"Márk VALENT","MBH BANK CSB TELECOM FORT (MBH)","HUN","M",""
"Milan VAN DEN HAUTE","TEAM FLANDERS - BALOISE (TFB)","BEL","M",""
"Axel VAN DER TUUK","EUSKALTEL-EUSKADI (EUS)","NED","M",""
"Danny VAN DER TUUK","EUSKALTEL-EUSKADI (EUS)","POL","M",""
"Leander VAN HAUTEGEM","TEAM FLANDERS - BALOISE (TFB)","BEL","M",""
"Vincent VAN HEMELEN","TEAM FLANDERS - BALOISE (TFB)","BEL","M",""
"Brent VAN MOER","PINARELLO-Q36.5 PRO CYCLING TEAM (PQT)","BEL","M",""
"Henri VANDENABEELE","TEAM FLANDERS - BALOISE (TFB)","BEL","M",""
"Noah VANDENBRANDEN","TEAM FLANDERS - BALOISE (TFB)","BEL","M",""
"Dylan VANDENSTORME","TEAM FLANDERS - BALOISE (TFB)","BEL","M",""
"Ward VANHOOF","TEAM FLANDERS - BALOISE (TFB)","BEL","M",""
"Harm VANHOUCKE","PINARELLO-Q36.5 PRO CYCLING TEAM (PQT)","BEL","M",""
"Clement VENTURINI","UNIBET ROSE ROCKETS (URR)","FRA","M",""
"Matteo VERCHER","TOTALENERGIES (TEN)","FRA","M",""
"Victor VERCOUILLIE","TEAM FLANDERS - BALOISE (TFB)","BEL","M",""
"Luca VERRANDO","SOLUTION TECH NIPPO RALI (TFT)","ITA","M",""
"Alessandro VERRE","MBH BANK CSB TELECOM FORT (MBH)","ITA","M",""
"Killian VERSCHUREN","UNIBET ROSE ROCKETS (URR)","FRA","M",""
"Iker VILLAR GALDEANO","CAJA RURAL-SEGUROS RGA (CJR)","ESP","M",""
"Attilio VIVIANI","SOLUTION TECH NIPPO RALI (TFT)","ITA","M",""
"Yannis VOISARD","TUDOR PRO CYCLING TEAM (TUD)","SUI","M",""
"Lawrence WARBASSE","TUDOR PRO CYCLING TEAM (TUD)","USA","M",""
"Célestin WATTELLE","TEAM NOVO NORDISK (TNN)","FRA","M",""
"Fabian WEISS","TUDOR PRO CYCLING TEAM (TUD)","SUI","M",""
"Mats WENZEL","EQUIPO KERN PHARMA (EKP)","LUX","M",""
"Hannes WILKSCH","TUDOR PRO CYCLING TEAM (TUD)","GER","M",""
"Luc WIRTGEN","TUDOR PRO CYCLING TEAM (TUD)","LUX","M",""
"Alfred Brockwell WRIGHT","PINARELLO-Q36.5 PRO CYCLING TEAM (PQT)","GBR","M",""
"Paul WRIGHT","MODERN ADVENTURE PRO CYCLING (MAP)","NZL","M",""
"Edoardo ZAMPERINI","COFIDIS (COF)","ITA","M",""
"Enrico ZANONCELLO","BARDIANI CSF 7 SABER (BCS)","ITA","M",""
"Maikel ZIJLAARD","TUDOR PRO CYCLING TEAM (TUD)","NED","M",""
"Samuele ZOCCARATO","MBH BANK CSB TELECOM FORT (MBH)","ITA","M",""
"Nickolas ZUKOWSKY","PINARELLO-Q36.5 PRO CYCLING TEAM (PQT)","CAN","M",""
"彥誼 Yen Yi 何 HO","EQUIPO KERN PHARMA (EKP)","TPE","M",""